"Bedfordshire,uk"
"Berkshire,uk"
"Bristol,uk"
"Buckinghamshire,uk"
"Cambridgeshire,uk"
"Cheshire,uk"
"Cornwall,uk"
"Cumbria,uk"
"Derbyshire,uk"
"Devon,uk"
"Dorset,uk"
"Durham,uk"
"East Riding of Yorkshire,uk"
"East Sussex,uk"
"Essex,uk"
"Gloucestershire,uk"
"Greater London,uk"
"Greater Manchester,uk"
"Hampshire,uk"
"Herefordshire,uk"
"Hertfordshire,uk"
"Isle of Wight,uk"
"Kent,uk"
"Lancashire,uk"
"Leicestershire,uk"
"Lincolnshire,uk"
"Merseyside,uk"
"Middlesex,uk"
"Norfolk,uk"
"North Yorkshire,uk"
"Northamptonshire,uk"
"Northumberland,uk"
"Nottinghamshire,uk"
"Oxfordshire,uk"
"Rutland,uk"
"Shropshire,uk"
"Somerset,uk"
"South Yorkshire,uk"
"Staffordshire,uk"
"Suffolk,uk"
"Surrey,uk"
"Tyne and Wear,uk"
"Warwickshire,uk"
"West Midlands,uk"
"West Sussex,uk"
"West Yorkshire,uk"
"Wiltshire,uk"
"Worcestershire,uk"
"County Antrim,uk"
"County Armagh,uk"
"County Down,uk"
"County Fermanagh,uk"
"County Londonderry,uk"
"County Tyrone,uk"
"Aberdeen,uk"
"Aberdeenshire,uk"
"Angus,uk"
"Argyll and Bute,uk"
"Clackmannanshire,uk"
"Dumfries and Galloway,uk"
"Dundee,uk"
"East Ayrshire,uk"
"East Dunbartonshire,uk"
"East Lothian,uk"
"East Renfrewshire,uk"
"Edinburgh,uk"
"Falkirk,uk"
"Fife,uk"
"Glasgow,uk"
"Highland,uk"
"Inverclyde,uk"
"Midlothian,uk"
"Moray,uk"
"North Ayrshire,uk"
"North Lanarkshire,uk"
"Orkney,uk"
"Perth and Kinross,uk"
"Renfrewshire,uk"
"Scottish Borders,uk"
"Shetland Isles,uk"
"South Ayrshire,uk"
"South Lanarkshire,uk"
"Stirlingshire,uk"
"West Dunbartonshire,uk"
"West Lothian,uk"
"Western Isles,uk"
"Anglesey/Sir Fon,uk"
"Blaenau Gwent,uk"
"Bridgend,uk"
"Caerphilly,uk"
"Cardiff,uk"
"Carmarthenshire,uk"
"Ceredigion,uk"
"Conwy,uk"
"Denbighshire,uk"
"Flintshire,uk"
"Glamorgan,uk"
"Gwynedd,uk"
"Merthyr Tydfil,uk"
"Monmouthshire,uk"
"Neath Port Talbot,uk"
"Newport,uk"
"Newport City,uk"
"Pembrokeshire,uk"
"Powys,uk"
"Rhondda Cynon Taff,uk"
"Swansea,uk"
"Torfaen,uk"
"Wrexham,uk"
